;En Md€;LFI 2015 (format LFI 2016);Exéc. 2015 (format LFI 2016);LFI 2016;Écart LFI 2016 - LFI 2015;Écart LFI 2016 - exec 2015
0;Crédits des ministères hors concours aux collectivités locales;214.7;218.2;216.1;1.4;-2.1
1;Taxes affectées plafonnées;8.6;8.4;8.6;0.0;0.3
2;Prélèvement sur recettes (PSR) au profit de l'Union européenne;20.7;19.7;20.2;-0.6;0.5
3;Concours aux collectivités locales (PSR et mission RCT);53.6;53.0;50.3;-3.4;-2.7
4;Norme de dépenses hors charge de la dette et pensions;297.7;299.3;295.2;-2.6;-4.1
5;Charge de la dette;44.3;42.1;44.5;0.1;2.3
6;Contributions au CAS Pensions;45.8;45.5;46.2;0.5;0.8
7;Norme de dépenses y compris charge de la dette et pensions;387.8;386.9;385.9;-2.0;-1.0
